{"cameraMode":{"drawMode":0,"name":"Shaded","section":"Shading Mode"},"sceneLighting":false,"audioPlay":false,"sceneViewState":{"showFog":false,"showMaterialUpdate":false,"showSkybox":false,"showFlares":false,"showImageEffects":false,"showParticleSystems":false},"in2DMode":false,"pivot":{"x":422.8352966308594,"y":170.52609252929688,"z":-82717.3828125},"rotation":{"x":0.13663166761398316,"y":-0.0943567082285881,"z":-0.013074739836156369,"w":-0.9860318303108215},"size":27.273744583129884,"orthographic":false}