{"cameraMode":{"drawMode":0,"name":"Shaded","section":"Shading Mode"},"sceneLighting":false,"audioPlay":false,"sceneViewState":{"showFog":false,"showMaterialUpdate":false,"showSkybox":false,"showFlares":false,"showImageEffects":false,"showParticleSystems":false},"in2DMode":false,"pivot":{"x":18.518856048583986,"y":1.8689193725585938,"z":21.366689682006837},"rotation":{"x":0.003397903172299266,"y":0.7064546346664429,"z":-0.7077434062957764,"w":0.0033915003295987846},"size":24.206485748291017,"orthographic":false}