{"cameraMode":{"drawMode":0,"name":"Shaded","section":"Shading Mode"},"sceneLighting":false,"audioPlay":false,"sceneViewState":{"showFog":false,"showMaterialUpdate":false,"showSkybox":false,"showFlares":false,"showImageEffects":false,"showParticleSystems":false},"in2DMode":false,"pivot":{"x":-3.044036388397217,"y":-2.2372608184814455,"z":6.041819095611572},"rotation":{"x":-0.07672851532697678,"y":0.012559008784592152,"z":-0.0009684762335382402,"w":-0.9969802498817444},"size":14.509688377380371,"orthographic":false}